[
  {
    "project_title": "Help Mohamad support his family and save them from starvation in Gaza",
    "total_raised_eur": 522.105,
    "donations_count": 19,
    "last_donation": null
  },
  {
    "project_title": "Help sister Warda with her medical conditions in Gaza",
    "total_raised_eur": 220.28,
    "donations_count": 5,
    "last_donation": null
  },
  {
    "project_title": "Support Mohammed Al-Louh, a father of seven from Gaza",
    "total_raised_eur": 390.0,
    "donations_count": 10,
    "last_donation": null
  },
  {
    "project_title": "Save Ahed and his family from the genocide in Gaza, Palestine.",
    "total_raised_eur": 110.0,
    "donations_count": 2,
    "last_donation": null
  },
  {
    "project_title": "Help Wafaa and her family rebuild sustainibilty in Gaza",
    "total_raised_eur": 108.82,
    "donations_count": 4,
    "last_donation": null
  },
  {
    "project_title": "Help Akram Mahmoud feed his family in Gaza",
    "total_raised_eur": 226.095,
    "donations_count": 10,
    "last_donation": null
  },
  {
    "project_title": "Help Khatam Hamdi and her family of 17 survive in Gaza",
    "total_raised_eur": 341.25,
    "donations_count": 1,
    "last_donation": null
  },
  {
    "project_title": "Help Ibtisam and her family surviving in Gaza",
    "total_raised_eur": 4.485,
    "donations_count": 1,
    "last_donation": null
  },
  {
    "project_title": "Help Ahmed O. and his family of 22 Souls, survive in Gaza",
    "total_raised_eur": 40.0,
    "donations_count": 1,
    "last_donation": null
  },
  {
    "project_title": "Help Aya and her family survive the bombings and find safety, Palestine.",
    "total_raised_eur": 160.0,
    "donations_count": 2,
    "last_donation": null
  },
  {
    "project_title": "Help Fadi Abu Odeh rebuild his family's security",
    "total_raised_eur": 185.43000000000004,
    "donations_count": 10,
    "last_donation": null
  },
  {
    "project_title": "In displacement.. Help Hayam Mohammed and her 5 children move to south Gaza",
    "total_raised_eur": 5.0,
    "donations_count": 1,
    "last_donation": null
  },
  {
    "project_title": "Help Shereen\u2019s Displaced Family Survive the Gaza War",
    "total_raised_eur": 50.0,
    "donations_count": 1,
    "last_donation": null
  },
  {
    "project_title": "Help Safia to provide a subsistence for her family in Gaza, Palestine",
    "total_raised_eur": 19.5,
    "donations_count": 1,
    "last_donation": null
  },
  {
    "project_title": "Help Zina and her Family rebuild their lives in Gaza, Palestine.",
    "total_raised_eur": 60.25,
    "donations_count": 4,
    "last_donation": null
  },
  {
    "project_title": "Help My Family Survive and Rebuild Our Lives in Gaza",
    "total_raised_eur": 5.0,
    "donations_count": 1,
    "last_donation": null
  },
  {
    "project_title": "Help Magda's family after two years of displacements in Gaza",
    "total_raised_eur": 15.0,
    "donations_count": 1,
    "last_donation": null
  },
  {
    "project_title": "Help Hanin support her family and her injured husband in Gaza",
    "total_raised_eur": 19.5,
    "donations_count": 1,
    "last_donation": null
  },
  {
    "project_title": "Help Ahmed survive in Gaza during the genocide",
    "total_raised_eur": 262.425,
    "donations_count": 8,
    "last_donation": null
  },
  {
    "project_title": "Help sister Sahar with her family, providing a subsistence in Gaza",
    "total_raised_eur": 22.425,
    "donations_count": 2,
    "last_donation": null
  },
  {
    "project_title": "Save Abu Muhammad's children from the engineered starvation in Gaza",
    "total_raised_eur": 100.0,
    "donations_count": 1,
    "last_donation": null
  },
  {
    "project_title": "Help Hala and her family rebuild their lives in Gaza",
    "total_raised_eur": 10.0,
    "donations_count": 1,
    "last_donation": null
  },
  {
    "project_title": "Help Anas Mohammed's family survive the destruction in Gaza",
    "total_raised_eur": 17.94,
    "donations_count": 1,
    "last_donation": null
  },
  {
    "project_title": "Help Rozan and her family rebuild their lives in Gaza, Palestine.",
    "total_raised_eur": 10.0,
    "donations_count": 1,
    "last_donation": null
  },
  {
    "project_title": "Help Maryam Ahmed & her sister survive starvation in Gaza.",
    "total_raised_eur": 10.0,
    "donations_count": 1,
    "last_donation": null
  }
]